,resource_state,name,distance,moving_time,elapsed_time,total_elevation_gain,type,workout_type,id,external_id,upload_id,start_date,start_date_local,timezone,utc_offset,start_latlng,end_latlng,location_city,location_state,location_country,start_latitude,start_longitude,achievement_count,kudos_count,comment_count,athlete_count,photo_count,trainer,commute,manual,private,visibility,flagged,gear_id,from_accepted_tag,upload_id_str,average_speed,max_speed,average_cadence,has_heartrate,average_heartrate,max_heartrate,heartrate_opt_out,display_hide_heartrate_option,elev_high,elev_low,pr_count,total_photo_count,has_kudoed,suffer_score,athlete.id,athlete.resource_state,map.id,map.summary_polyline,map.resource_state,average_watts,weighted_average_watts,kilojoules,device_watts,max_watts
0,2,Course à pied l'après-midi,10045.3,3518,3551,46.2,Run,,4337559476,garmin_push_5821383670,4636648521,2020-11-14T15:51:48Z,2020-11-14T16:51:48Z,(GMT+01:00) Europe/Paris,3600.0,"[48.723547, 2.086691]","[48.72266, 2.08502]",,,France,48.723547,2.086691,0,12,0,1,0,False,False,False,False,everyone,False,g2301347,False,4636648521,2.855,3.8,78.3,True,146.1,161.0,False,True,166.9,153.1,0,0,False,79.0,2793325,1,a4337559476,{mkhHuwwKKw@WgDQu@Uk@GE?EVU\k@ZSj@h@`@NPq@D}@@qBCoCD}@HKhDhEb@RvAdBLJFBZ]NI\g@fB}EZc@d@b@tDbE`@Z~AhBNJHAD@ZILMb@On@}@lApA`@@FA?NQr@It@eAfE{@nCOr@Wh@Sr@GBQ`@Cf@Ph@Kn@g@xBMv@Qr@i@`E]hBGp@`@VN`@Hj@G^PPtAb@d@TnEjBdAZtE`B`@P^J`@\Pn@XB^QjA\zATd@NHHKv@C|@WfBc@dCWpBJr@j@p@D`@EfCKtBAz@Fh@MvDEPWE?XG`BMHqBq@MAQl@YlDg@jBUxAG@c@YeBaCo@gAQMC@}@|Bi@nASn@CNHPjB`CTf@EXg@bBe@nBe@vAYlBOXSp@?r@D`@[h@_@F]VgAXg@F}@Pc@Vw@t@gAp@e@Ng@T_@Hc@@e@EiA_@c@Ic@IoAI_@[kBeA_@Ik@[wAaAQm@Cg@SsASy@e@o@oAoA}AmAcByAaBgBwC_CiBiBQGi@[_@Y}A{Ac@[qA{@a@KMj@Kx@WzAUt@x@oDXs@FEl@h@~@d@nDlCPTa@YsBwBo@e@gAk@Yg@KoBAw@Ju@Pu@^kA`A_CDe@{@eAEKRk@ZAb@@b@UfAMPErAk@`@]Ds@?w@PUh@Us@RIJEVDt@?VOn@QLiCt@a@VkAK]\iBb@[La@EmA]_@Vc@Ye@S]c@a@YMWGu@N_@Ze@Xm@zAgBXi@^c@l@mA\_@\[\c@Ts@Jg@Dw@?w@?[Iu@EsAJu@bAaCNe@Du@DqACqAHo@L[Rq@Dy@Pg@^c@b@U\c@Lk@B[Au@E_@m@}ACSTwAVo@`@a@JQFsBRu@LQHAl@XzAvANDLHn@r@Vd@n@|A,2,,,,,
1,2,Course à pied le soir,5050.5,1714,1715,7.4,Run,,4328195754,garmin_push_5812031885,4626742595,2020-11-12T17:13:21Z,2020-11-12T18:13:21Z,(GMT+01:00) Europe/Paris,3600.0,"[48.722067, 2.084518]","[48.723262, 2.089653]",,,France,48.722067,2.084518,0,10,0,1,0,False,False,False,False,everyone,False,g2301347,False,4626742595,2.947,3.8,77.9,True,133.9,146.0,False,True,164.5,156.7,0,0,False,14.0,2793325,1,a4328195754,qljhH{kwKh@{BRm@t@uEPsBzAgGLs@YOe@Ew@u@_@c@ME{BrDyAnB_@b@y@b@Y`@^xCXb@lASb@@Nd@Jt@Fv@DLFCVU|@oCd@cBTq@Pu@Lw@f@iBNq@Na@MMc@KcBoAw@hAqBbDaAnAc@Ve@PMNHv@h@hCBBd@A`AQZ`@Jr@HlAF@\_@x@cCh@kBL_@Rq@Js@l@kCZ}@?GCGe@GgB{Ae@n@eBzCy@lA]`@UPu@\KHBt@ZtBNh@b@EhAWVd@RhBFX^WVs@f@aBb@gBPg@jA{FTk@?E]Ca@]iAiAcA|AgBxC_@h@]^c@Tk@TINd@bDNb@d@Cd@Kb@EXd@Jv@Dv@DRZUn@gBd@uBh@_B~@wE^eAe@AmBeBGFqAtBiAtBu@`A_@\gAf@e@LeBnAw@jA,2,,,,,
2,2,Vincent Messier's Meetup - Bigger Loop,37773.6,5461,5461,549.0,VirtualRide,,4321398452,zwift-activity-680959117034939952.fit,4619473491,2020-11-11T09:01:13Z,2020-11-11T10:01:13Z,(GMT+01:00) Europe/Paris,3600.0,"[-11.639382, 166.948365]","[-11.687318, 166.931631]",,,France,-11.639382,166.948365,11,9,0,1,0,False,False,False,False,everyone,False,b5197287,False,4619473491,6.917,22.1,81.1,True,135.5,160.0,False,True,373.8,0.4,0,1,False,76.0,2793325,1,a4321398452,di`fAgb~y^aKqDmEqCcB{BoAsEXqD~I}HWaAsCgCbC{AqAuLb@yF}B_D[qCj@{CdDoHh@{Hy@eIqBkCgAuC[}BdDkMZ{EaByCwCm@y@aAuBgIt@_HuB_Fz@eA|CAZ{EzAu@`F`Bd@l@@jBzBt@_A~Cp@pAjISlCwCgAeFxCwCJeEoBoFsFuESgAtAgF~D}A`A}AGcEaEkFzBcCGaDjIySh@wEu@cCmH}C}@iBKmBvIcTzCq@zDp@rCaEzCKxBcAd@cEcDwF|@uAdBe@pAt@xGrJxB}@tAsEvBZbA~A?tDzCvBMzA}Bx@o@pAAlKuAjRf@dB`DlDVzAbGz@jM}ClB|@lAfROrCiB`BWjANhFx@`D`Bv@~BKpGtAbBpAf@|CpA|@fA_AbDqJ`B_@pBnAb@tChFXhBzCZrDc@rB}LdHw@xDqBz@yAxBx@hD`Bz@NvBz@|Ai@vBgBTMh@|APt@b@qBrBuDbAq@fJjBhH|EjFOjHf@~B`AF`F_BvEkDdDlCpAIPmBmBqBCmCkAgBh@cBzCAjGiCzFgAnNk@jLzB~JtGzEtHbCpAFtIfAnB|BUlBsAv@eBYcDPeAv@{@tALxAvOfA|AdCTp@m@bAwDcAgFRwGgA{Ob@sBrA_@zOH~@|@T~EdEjAfHkCt@}FrBmExHsCrBp@|G~F~DtBb@pDrDz@zC`EAjFdDtE^fB[vDgC~Ex@xIoGrE{@CcCoBwBjAc@pCyBvB\xAxC|Dg@lEcBnCyDvA{Ei@_JFqC_FcG?eEeB{AmEAuC{@gAyN_AkFlFsBxDkFxTDlFeDtByAdH_CvFwBdBaAEYcAdAiGs@cAwAJkBpBu@|CuA|NIbE}BTy@sBY{KbAcJc@aBmAcA{@`@oA`DAfPi@nCqAtBs@BoDqEPiDzCcIQeAiBKuAbAgBzDqAbLcAfCqAcAYqAnBsHBgB}@YyAp@kCtHA~EyAjEXhEhCnEbC~BnEtAtDvFzBrAjO`AlR{EjG~A`GB`@b@KbBd@`@bCg@jCr@R`@_@p@qCHk@rA|DxCzA|Bj@fCk@bGvBjBj@jBi@pBMxB_APqDcAsBvB\zAtB~A\nBmCHj@hCyA~@AjAf@|@dC~@D~Cl@dCzCfCtAvDhDpApAdBpFfAnBw@jF[fBl@`@lCn@v@t@JbEq@jC`ElEAhCsBdBj@PnBtCnAlAH|Ao@dByFmAkB{CeB@oE|BuDzDi@vBiA`@oACgCcGaCsDv@oCqBqAfBo@FgByBqAW{BXUz@Tl@,2,208.8,246.0,1140.2,True,824.0
3,2,Richmond,10087.1,1202,1202,118.0,VirtualRide,,4313647082,zwift-activity-679763310237066816.fit,4611268126,2020-11-09T17:25:22Z,2020-11-09T18:25:22Z,(GMT+01:00) Europe/Paris,3600.0,"[37.540232, -77.432709]","[37.544214, -77.440452]",,,France,37.540232,-77.432709,1,8,0,1,0,False,False,False,False,everyone,False,b5197287,False,4611268126,8.392,19.6,84.0,True,146.5,166.0,False,True,55.0,4.2,0,1,False,28.0,2793325,1,a4313647082,macdFlqrwMg@lAuCrFo@tAMXa@p@Sh@STM\[f@y@bBUj@]h@M^]h@}HtOOd@?TDRJNfBfB|@bAlBbBpApAzAhAb@LT?PI\c@~@aC|B}EdEaInE_JxLuUhAkB`CsE~CsFTWZFVTnFzFXJVKjAgCLYF]B_@A]MuA@]Lu@Rq@f@cAbAcCvE{HdCsEtBaEFUPaAz@}AbA_BnDaGx@_BfCuD|@gAPOb@WrDmCZ]n@]lGyE`BkBlBmBb@SvA[r@SrBs@z@_@ZQRYDO?QGOKE[AsAZiAd@oEnBOH]\eExE_An@aA^q@N]@oCMaAAa@FQH]HeC\gCb@OCCQ@GJORMBGDSESMKa@KY?k@NI?ECCK?QHG^MNKHQTo@BCJ@TN^b@HFVBVGJGHMBO?SMa@aBmB_@UQ?OJIP]fAaG`LgBnDEd@R`@pB~ANd@Qf@eClFS^YX]EWUoBoBiBuBYYUW{A_BoAkAOGQBMJWd@{@lB_EvH{CdG{@zAQ`@Ib@Db@~@jAbJnIf@^NT?ZIZ}BnEiCfEwArC{ClFqB|DSXI@WGo@Ws@u@cA_@cB_AuAc@mAOOGa@a@c@WYUWEG@GFq@hAc@dASZmAbC}BpEm@pAW\eBjDc@t@uApCUl@Y\{@dBwDxHYf@aBbDIZ?\DLFJl@l@,2,235.9,263.0,283.6,True,536.0
4,2,Innsbruck,9445.3,1044,1044,77.0,VirtualRide,,4313541091,zwift-activity-679753521963096544.fit,4611155338,2020-11-09T17:06:00Z,2020-11-09T18:06:00Z,(GMT+01:00) Europe/Paris,3600.0,"[47.272848, 11.395626]","[47.268762, 11.397007]",,,France,47.272848,11.395626,4,7,0,1,0,False,False,False,False,everyone,False,b5197287,False,4611155338,9.047,18.3,75.2,True,126.3,157.0,False,True,317.2,278.8,2,1,False,9.0,2793325,1,a4313541091,g~o_HsupdA|@EdBH`Hl@b@@b@H~@FX?t@JfBF^JNBNCLKHS@WAUIo@EiAw@wIi@aEA[F[LOPGrA_@jB]L?ZD`Al@v@\\@LCJKRc@P_AN}ARoD^uEHWNMx@[PM^g@|@cBpBmEv@{CTcAPg@LEL@j@PZD|@T\DNANEJOHm@@q@Q{EUcC@]HWLQ`@UdA]`A_@~Ag@|@c@`B{@nD{Bj@c@hBkAZYf@s@Z]PENFHTZbHVtDPzAd@|BV`C`AtOl@fL\rEPdBTrAx@~Dj@jBF^?b@K^SVUPeAl@}Al@cAZ_ARsATi@@{@IS@SDQJ_@\Yb@sAvBa@h@e@`@m@TsBZwCt@sATcABqCMo@Ao@Bm@HyAb@mEdByC|@}EhAmAT_@J]FMFIPCTBfATrCFTTd@CTaBjCWd@IREl@DxAGd@Uf@_BbBc@h@k@z@_CdEKXaBpCSVG@IEEMASJoA@aAY_EOsAKi@Mg@Sc@YY]O_B]]Q[Ym@aAaCmFQ[e@g@g@[SESAsAHUEKY?c@LgAHg@ZiAXWZSV]n@_APi@?o@Mk@Qg@Ua@k@w@gAaAeAs@cFkC}@m@{@g@gAy@a@_@]a@[e@q@wA_@iAe@eAoCqEe@gAc@kAcB{FwAsEs@qC[kBQwAA]@_@LWRARHfC~A`@Z\\h@z@dPn[rA~BbChDzAhBzBtBnAdA\PXZZVfB|@\R^LbB@`@BnDXP?r@JxL`ARELOBw@GqAc@{E,2,218.8,245.0,228.5,True,466.0
5,2,Course à pied l'après-midi,10341.5,3673,3673,44.2,Run,,4309091682,garmin_push_5793036655,4606373508,2020-11-08T15:32:49Z,2020-11-08T16:32:49Z,(GMT+01:00) Europe/Paris,3600.0,"[48.722548, 2.085115]","[48.722532, 2.084941]",,,France,48.722548,2.085115,0,14,0,1,0,False,False,False,False,everyone,False,g2301347,False,4606373508,2.816,3.6,78.8,True,139.9,162.0,False,True,166.9,152.3,0,0,False,58.0,2793325,1,a4309091682,kwkhH{qwKUo@Wg@wAiBa@a@]]c@[c@IONUp@C|@Gv@e@T[`@St@O^Dv@HJPZRl@Hz@Iv@Sl@c@r@e@l@OjBGZUl@Mt@@v@ArAKjASp@m@rAQn@Az@R~A]jDMp@[j@iC~D]^[b@y@rAc@`@{@dAWf@@L`@X^^f@TVN`@Rb@Qz@p@TBh@?hAWLABF\b@P\@VIh@g@hB[fBOnB?f@Dv@PzA`@\hAn@|@z@d@Vb@Z^^^Tr@v@|BdB~CtC^\xAbAfEvDZl@R`ABt@Nn@zA~A`@ZjBdA`@Xd@Pb@?d@B`ARp@Xd@Jb@Dd@GhA[\Ep@c@`Ay@dAm@f@Qv@SbBo@`@YEy@Bu@\i@Z]@u@Ro@^cBh@yA^kAJi@Qq@mByBYg@AQhAgCXe@Z{@^BlAxBz@nAb@Z^QD_@~@aGA{@J]b@BbAZXBNKHwBLoAFsBZ_F?SHyAAy@y@mAj@gEPs@JsBPmBASa@QmAa@gBc@c@X[a@Ye@mGkCc@QiAYg@Og@Ua@KmEiBGMOsAKW_@a@AKLu@Pq@ZqBb@sDhBeHA_@IS^eAf@sBRq@Tk@TiARo@XaBTs@JSCIc@E{@cA_@a@E?qBfDgBjCa@Xa@R]`@Bv@R`BJf@f@An@W^GTj@Fl@FhAAv@IXGFi@dAW`@Wp@[b@aAv@[Fc@GgAc@y@k@iAuA[k@F{@Vm@Vy@F{@Nu@Xg@\e@r@m@PYSm@cAy@yAcB}@_Ac@Qm@vA[b@oA`DG?g@Qa@W_@[qDaE_@]GASl@Q\]Ta@r@_@FWPaAIe@S_@I_@`@[h@W?_@Ce@LKFWfAa@RYn@EVK|A_A~@YdAKt@@Pb@rAH`@@z@Cb@Qp@y@fAWl@SjB?DFFt@b@VBXRPF,2,,,,,
6,2,Watopia,10295.4,1204,1204,112.0,VirtualRide,,4303176674,zwift-activity-678284637972096624.fit,4600087457,2020-11-07T16:27:23Z,2020-11-07T17:27:23Z,(GMT+01:00) Europe/Paris,3600.0,"[-11.639218, 166.948513]","[-11.636956, 166.955433]",,,France,-11.639218,166.948513,25,8,0,26,0,False,False,False,False,everyone,False,b5197287,False,4600087457,8.551,16.6,86.3,True,155.3,170.0,False,True,57.8,1.2,5,0,False,39.0,2793325,1,a4303176674,bh`fAec~y^}Am@oD_AsAe@mBeAkBsAe@i@i@{@c@eA]mAOo@IiA@w@Fa@L_@j@u@t@o@hEqCf@i@Pa@@SCQQ_@i@e@iAq@YWGOAO@OHKZMjAOzAEnACn@B^DJFFN?NE^]z@MFO?]IKIEMAMFeGBc@Ja@NYJKPCNJP^Pn@jAbFZ~@PVXNTBXGNOHU@SA[WsAwAcFOo@Iq@?UBIJIl@Gl@MbAGj@G`@K`@O`@Wn@e@~CsCz@o@bAg@d@MPAfGFnAHnANl@Nf@Zb@d@RZN^Rt@Db@@f@Eb@IPU\yAxAa@h@Yn@Ib@Cd@?|@NlEAn@EXMPUFk@KsAg@[K[CYBYJ_@XiB|BYR]Nu@LaBLiInAmB^eC|@OLKPGRMxAChA@r@Hp@LXTNZB\Cv@QhC}@rA[hDg@jBUdBMjAAn@DbAN|DhAxK|B`Bh@RBRARENKT_@Tq@`AgERi@VYVKTCnBHf@EtAUdACjBFb@Fp@PVNHLH\F~AHh@HRX`@fAnAJPLf@@RARERKNQHsAVSHMRATDT`@nA?RGRKNQFQAQGOKoB{Bg@c@_@SOCQ?QHKLS^_A`DQb@IPQHSCMKY_@gAyBWa@MMQISASFq@h@}HxEKJQ^KNQBOGUYYm@aBaEe@}@e@k@SMYKw@Mg@?]@eANc@PMPGR?VHn@Pn@HTPPRNnAj@JN?RGPYZs@l@a@P]XQ?KIm@w@OGs@KGMQeA]q@[]QISES?QB]LUTWd@G\?NBLHLNFr@XNL@RIv@?PDLVRpAb@JHBLELq@`@GJ?NLh@IL]Ns@Ne@Fg@AQGOI[]U][s@yAkEq@sAa@e@_Ak@m@UeEiAgAa@UKaCwAy@q@q@u@g@_Ai@wA_@{AIgA?o@BWLm@h@w@`@]`C_BZY^Ot@k@^c@L]?MG]MWe@c@uA{@MMGQC[FKVMn@K,2,225.9,249.0,272.0,True,508.0
7,2,Paris,10717.9,1156,1156,66.0,VirtualRide,,4303014421,zwift-activity-678273530332592064.fit,4599916293,2020-11-07T16:05:19Z,2020-11-07T17:05:19Z,(GMT+01:00) Europe/Paris,3600.0,"[48.866871, 2.316718]","[48.865972, 2.32133]",,,France,48.866871,2.316718,3,10,0,271,0,False,False,False,False,everyone,False,b5197287,False,4599916293,9.272,14.5,88.0,True,152.3,164.0,False,True,71.4,41.4,0,0,False,34.0,2793325,1,a4303014421,}hgiHmncMQ~@mH`]iGtXkL|h@mHt[Ij@Bn@XtADn@Cn@EVSf@[\OHOBQ?OC]UMQQi@Gq@?YHo@Rk@JO\Yp@[LOPm@rE_SjH_\tKcg@dAqEpPiv@Jy@A_@G[Wo@gA_BYg@IWEY@u@VoEAs@BWf@iCxJ_d@hAsFFWJSNKPEP@`@TrE`D~CnB|AfAHJBRET_Plt@c@fBSp@OPQ@wDo@}@EUDSLYl@gLth@sFzVoCvLmHx\{GjZwCfMIl@ATDn@ZxA@p@Ip@Qf@Y\_@LQ@OCQGMKMQKSKq@Au@@YFYTi@\]p@[NMTk@rEeSdHi[fL}h@`AgE`Iy^fEgR\_BNkAA[Mo@Qc@QY,2,251.7,262.0,291.0,True,648.0
8,2,Paris,10374.2,999,999,54.0,VirtualRide,,4302858588,zwift-activity-678264614961943664.fit,4599752604,2020-11-07T15:47:44Z,2020-11-07T16:47:44Z,(GMT+01:00) Europe/Paris,3600.0,"[48.867762, 2.313622]","[48.869272, 2.309532]",,,France,48.867762,2.313622,11,6,0,251,0,False,False,False,False,everyone,False,b5197287,False,4599752604,10.385,15.0,84.6,True,138.5,163.0,False,True,71.4,41.4,8,0,False,18.0,2793325,1,a4302858588,ongiHc{bMToAv@kDD]J[lEaShAqFh@oCVe@LMPEP?p@BfB\xARLCHMZs@n@oChBuIvBkJ`Hq[RoA?[KS]YeF_D{EiD[OMAM@KDWXOd@qAzGQh@_ClKeG`YCZ?vAUlDAz@D\HXh@|@p@v@Vp@HXFZGz@iH|[yGzZk@bCOv@Qp@kBrIUrA[fAaC`LYfAmDdPoG~Xg@bCQl@wAdGITOPq@XOJY`@Sl@Gr@Bv@DVRl@LPPLPHPBPAREPKNOLSJWLu@@_@Gy@YsAA]@_@F[fHa[rIm`@~G_[h@eCFc@b@}A|Ogt@L[PSTGV@tAJf@PbBRPAPMp@}BfDwO|AyGhAiFTqARq@VqARs@jC}LC_@s@s@uEsCuDiCe@_@e@QQ?QDOLKTIXwA|GwBlJeDvOsA~Fa@rBC\?`AUbEAb@@`@H^LX`@p@d@j@`@n@J\B`@G`A}DlQa@vB_@rAwA`HSt@}EzTi@vBcAtE,2,276.7,297.0,276.4,True,600.0
9,2,Course à pied l'après-midi,10281.0,3707,3717,31.6,Run,,4297672229,garmin_push_5782086432,4594258053,2020-11-06T15:31:51Z,2020-11-06T16:31:51Z,(GMT+01:00) Europe/Paris,3600.0,"[48.717053, 2.079601]","[48.723023, 2.085779]",,,France,48.717053,2.079601,0,10,0,1,0,False,False,False,False,everyone,False,g2301347,False,4594258053,2.773,5.5,78.2,True,85.1,124.0,False,True,166.0,152.3,0,0,False,7.0,2793325,1,a4297672229,q`jhHoduKHEb@Db@Vx@^nBl@d@ThA`@VFLq@?uBJs@HwBd@uICs@{@iA?u@Nw@Tk@LmBp@{E?KEGc@Ke@Qc@KiA_@g@C_@X[_@a@]eAm@mEaBkEiBiA]gA_@gAk@CiAWo@[c@p@qDb@eDZmBlAmEJq@O]f@_B^kBj@cBPu@d@_BLw@\kAc@MaAy@_AcA]TQv@[f@IBi@M_@Y}@cAeF}E]a@MD_@T[jBSn@yAzDIAcB{A{@eAaAcA]]a@Qq@s@IFAlBGtB@rBCv@KTe@S_A{@G@O~@_@V[`@Mb@e@DUNe@Ie@O_@Uc@Iq@nAk@A}@^Yj@Md@a@\Or@Ex@Cv@a@\Wj@Mr@Wt@Fz@Rn@Dv@Ex@Qt@Yl@[b@Or@Iz@e@lBIv@@rBCv@}@zCQr@Kx@H|@C|@Ex@QdBQt@Wn@_@^w@pAmD`F}@dAa@~@Z`@b@Jb@P`@G`@?Zz@RZlAGjAW\A@J\`@`@Tb@QhAm@d@Md@Q,2,,,,,
10,2,Vincent Messier's Meetup - Mountain 8,16690.5,3612,3612,621.0,VirtualRide,,4286016147,zwift-activity-676120603382407856.fit,4584696748,2020-11-04T16:50:02Z,2020-11-04T17:50:02Z,(GMT+01:00) Europe/Paris,3600.0,"[-11.640273, 166.946635]","[-11.689505, 166.962447]",,,France,-11.640273,166.946635,48,6,0,60,0,False,False,False,False,everyone,False,b5197287,False,4584696748,4.621,25.4,84.9,True,138.1,162.0,False,True,516.2,-6.2,0,3,False,60.0,2793325,1,a4286016147,vn`fAmw}y^yBaGaAyAq@c@w@_@kEgAkAg@cDoBu@m@w@cAu@eBa@yAQkAA}@Fm@Vw@lAoA`FeDf@m@H]E]Wc@{B}ASa@@YNO|AUJCFYc@iEi@aECgBJqA^}A\q@l@{@pAgA~As@bA[tBe@vKoArCe@hAa@n@e@V_@`BgE^q@vAiArAg@r@MhAAt@H|@Xx@d@d@b@bClDhAnA`Ad@xAJ`Fg@tBa@nFuApS_GfAIb@DNHJLJb@DnBE`A?vDIbEKnAUtAyAvFm@lAMd@?hHIxBJX`@Vz]|Ff@NRLHXDjET`@\L^ETSHg@DiBJm@Xu@j@cAVYRE`@\Ll@m@vECbAZlAp@h@dA^jCp@~QxDZAXIRQd@{@TSr@If@DJJBTIhA}AvEMt@Cr@Fj@Vh@n@n@d@NXIPYd@oB^kCN{Db@kBz@qBl@aAd@c@x@Qh@?\NL^An@Mr@Sr@sAxB]v@O~@Iv@BtAVn@dBpAx@rAPDRCp@o@d@w@\aAT}@Hw@D{A@eCCsAQkCFgARaAf@qAf@q@ZM^Ld@h@\p@Jl@Cj@_@~Ba@|D@dAPzBGzBNtA`@|ALTVNx@F\EZONYD[AmBDq@t@mDJ{@H_EHoAPoAZaAv@iAz@o@h@Ml@JXVDf@UjBm@`C?ZNj@`@b@^?nAo@n@m@hAqBfAyC\sAf@_DX_Ab@c@fBm@V]Dk@SgB@cAz@_El@kDRS\DH\Cd@w@dEEt@HhBd@xC^vAj@lA~ArBtAdARf@En@w@jCQrAU`@c@\}F~Cw@Za@DoB@y@EcB]u@HiAn@g@d@M`@C|AT`@lAf@l@J^IvAeAnAoCPUTOvAEx@WrGkD\WVa@PkAz@wCFg@Gi@[_@cAs@mBgCi@oA]uAe@qDA}A~@{FC_@g@k@A[tAsEl@}Ah@gAv@mApBeCz@{@b@[l@QX?p@H|Bh@v@@pBKZ@v@Rl@d@PVFZG|ATxA^xA^t@VVnAt@xBh@~@@~BS^@ZJRTLXp@~BRX^RZHbADjGOp@DlB^v@Bn@Ix@Wx@_@j@a@^a@\g@l@kBTsB@s@EYYm@gB}AOSYm@Eg@Pc@zAiAPg@LeA,2,210.3,224.0,759.5,True,497.0
11,2,Course à pied le soir,5335.9,1863,1863,15.5,Run,,4281660586,garmin_push_5768768772,4580085806,2020-11-03T18:07:43Z,2020-11-03T19:07:43Z,(GMT+01:00) Europe/Paris,3600.0,"[48.721164, 2.085019]","[48.721813, 2.083577]",,,France,48.721164,2.085019,0,10,0,1,0,False,False,False,False,everyone,False,g2301347,False,4580085806,2.864,4.0,77.5,True,141.8,161.0,False,True,166.4,155.9,0,0,False,29.0,2793325,1,a4281660586,wmjhHcmwKRm@Rs@f@kCfAkEl@wBjC{Jh@_BvBaFrAkDyCxGeAdCiAjDSt@OXOK]Ca@]a@c@c@u@_@UeAdB]BaBsA}EaFIGm@QUB_AnC[bAi@jA[`AWMa@Qa@_@iFaGQMEF?t@HpBEbFDt@Nj@v@t@NVbAbARZEZe@~AsAxD{@\g@DSEEDOb@GDe@JgBt@kAj@oAd@a@JoBz@e@O][WGUf@Bt@\\f@Cb@ZpBfB|A~A^X`@`@z@`AnBfBVZHPAHc@zAgAhCi@~A]d@@v@E^g@hBi@pAkAnCWZUn@_@`@UHmCp@Sh@Bh@?t@[`@mBf@Q?c@Lc@Nc@?c@GYb@GPVd@TRb@A^e@RKnBk@,2,,,,,
12,2,Yorkshire,14675.7,1815,1815,258.0,VirtualRide,,4275880522,zwift-activity-674574909472902464.fit,4573976784,2020-11-02T13:37:00Z,2020-11-02T14:37:00Z,(GMT+01:00) Europe/Paris,3600.0,"[53.990257, -1.541315]","[53.98533, -1.545587]",,,France,53.990257,-1.541315,30,11,0,35,0,False,False,False,False,everyone,False,b5197287,False,4573976784,8.086,23.2,82.3,True,149.0,166.0,False,True,182.6,97.0,0,0,False,47.0,2793325,1,a4275880522,a~ohIf`lHTG~@]zA{@~@k@pH_FNC^@\RJPV`AtElVxD|RTtAtFtYlFhYjI`c@\hCdBbQrBpQtDz]lGzj@lAnL|Fli@zArMp@bFB\C\KPQBuBY}ReDwBYoD]gGUaAIa@QaAo@aA_Aa@]e@MWt@M~@Yt@e@U]q@e@Ye@De@?a@W]]_@UaDuAyFsCkFuBcAi@u@m@k@q@o@_AuA}Be@o@_@]eAi@a@Qc@I_Ko@sG[mCSKEWUQe@EWCw@f@sSn@kZNyEG{Ac@eHCs@Fq@Te@lEmGnAcB\W^M^I^C^A\NV\l@~@XPZGNc@Bi@Ce@OcBw@uHOqBQyC?a@Dk@Nq@bGgQz@mCv@oBNUJE^OdAYp@]zC{BlAgAZ_@n@aApEyHdBqCJQHWC[KY}FuLs@cB_@eA]iAw@aDgDcPm@mCg@mAW][OsAc@eB{@uB{AmB}A_A}@sAaBiBgCcA}AY[[LOj@Cn@@j@Ff@T~@|CrIh@bBjGh^^pCDt@ARGNIH}@d@{@Z_@TKPGX@vAKpAEZQn@Wj@Yd@yCdB_D|AiAl@YMKe@[}By@}Ew@iDg@cBoAyCmEcJ{CyGkBmGy@mFM_@QWwAsAUYk@w@Qa@Ki@QaDOoDB]NONG|FsAhCw@l@[~DyCTCPPnA`D\n@bAtAb@f@RNTHT?j@ErAa@f@UPQAa@I[]q@M[{BcK@a@J[LSt@y@dAaAlB{AdAs@zAi@jEmArDiAtBs@`Bw@~@i@~IaGLGPAN@NFNJLNPj@hIvb@,2,252.3,268.0,457.9,True,582.0
13,2,Jean Marie FAUQUANT's Meetup,15056.6,5441,5441,1138.0,VirtualRide,,4270134468,zwift-activity-673696685507348016.fit,4567875572,2020-11-01T08:32:05Z,2020-11-01T09:32:05Z,(GMT+01:00) Europe/Paris,3600.0,"[-21.737227, 166.179799]","[-21.656664, 166.241559]",,,France,-21.737227,166.179799,0,9,1,13,0,False,False,False,False,everyone,False,b5197287,False,4567875572,2.767,10.9,81.3,True,140.8,183.0,False,True,1157.2,13.0,0,1,False,108.0,2793325,1,a4270134468,tptcCu~gu^mLgd@?o@B]|@gCF_@D{@CkAUiCWiBaB}Iw@}EUmBSwDMcGQcEEi@K]KQMI]Ei@FyBl@_@F_A?SCYK_Au@gAmAmDoDy@aAg@w@k@cA}@gBsAcDe@w@a@i@e@g@uDeDy@i@o@Wg@QmCk@gEy@wAe@eDmA_@UMSK]cCoM]yBYqCc@kDKi@Qm@We@YY{B_B_@a@OSc@{@aCiGWe@Yc@_AaAmF_FQWCUBu@t@{LN{CBeAAi@E_@Ym@CSA[HkACYQUeB_BSWUc@s@mBOi@Eg@DgAd@gHFe@Rc@RW`AcAVQf@Q|Cq@|@KJK@ICIEEOCmDK}BA_EDi@By@LO?MAMKEUCiDCu@EOOOUGe@Gu@CmGGaD@mDJcBJ_AJe@Ji@`@QFmBLe@Ja@NgCxAK@QAc@WKCQ?QBMFGJo@zAMHOBa@AqLgBeHaAMGOSiBwCw@}@m@g@eBkA}BsASSGWA]HwDGe@So@o@yA[g@[YaAa@[S[[QYa@gAa@wAu@qCUoAGQMSSO[OoBk@W@a@J_@CuFoBgCk@i@OwAk@iAk@eAq@uAeAiAaAeAeA]c@O_@Ka@Gc@UqDWwBQaASc@aD}B{A{@QGQAi@LGAOI{@_AiBcCi@[_CaAa@UUSc@o@i@yAWa@KISIS?a@J[NkAzAy@v@Yh@OFOAKGCMPo@@MAOIOSKqAO]M[UeAkAa@Ue@MwBUYKQOU{@EEIGOCU?eDRk@BMAc@OoAs@o@Yq@SqFkAaHuBgEg@kHgBgBi@k@[cA_AyA}AkAyA][[Sq@YcAYeDu@eAKSGWOKOWm@u@oCcAsC_@m@m@e@e@Uo@Sq@MiAQ{AGyEIu@I{@OyCiAm@[YW]w@WYgA{@{AcAgAk@i@UoBm@yBYy@G_Ia@kDU_AAYFYN{@bAOJQFa@DSL]t@o@rBGZIfAIVMPsBhBy@l@_@ToAb@KN?TBDJHTDr@Dh@JTHLNBRBp@BrCAHILqBdAi@T[@w@Gg@DwEpA_HhA_Dv@_APaAFmCA[FQJEJAHDXNR`@ZbFfC~BdAlDvARLJVFh@C\I^I\QVUP]P,2,212.2,236.0,1154.6,True,677.0
14,2,France,2533.1,539,539,77.0,VirtualRide,,4262574731,zwift-activity-672454099450860320.fit,4559814163,2020-10-30T15:23:17Z,2020-10-30T16:23:17Z,(GMT+01:00) Europe/Paris,3600.0,"[-21.736855, 166.180825]","[-21.728182, 166.200733]",,,France,-21.736855,166.180825,0,6,0,10,0,False,False,False,False,everyone,False,b5197287,False,4559814163,4.7,9.8,76.7,True,149.8,168.0,False,True,90.6,13.0,0,0,False,14.0,2793325,1,a4262574731,jntcCcehu^M_@cAsDmGkVEs@Dm@Lg@j@_BLk@B}@C}@M_B]qCgCoNe@mDKqAIqBOsFScFCa@I[IOMKSGU@s@LsBh@cADg@Gq@_@i@g@aBgB}B}BmAwA_AyAsAmCiAqC_@s@_AkAmBeB,2,198.1,216.0,106.8,True,373.0
15,2,Paris,10069.1,1108,1108,52.0,VirtualRide,,4262538186,zwift-activity-672443939462456080.fit,4559775432,2020-10-30T15:03:13Z,2020-10-30T16:03:13Z,(GMT+01:00) Europe/Paris,3600.0,"[48.867875, 2.313282]","[48.868024, 2.313469]",,,France,48.867875,2.313282,6,10,0,70,0,False,False,False,False,everyone,False,b5197287,False,4559775432,9.088,13.9,74.4,True,145.4,169.0,False,True,71.4,41.4,3,0,False,24.0,2793325,1,a4262538186,eogiH_ybMdBiINm@~E{T|AoHNk@JSLMPEPAn@DjAVtBXLCJIRa@v@gD`@oBlE{RvFgWr@oDAUGSYWu@g@yD}BeFqDYIM?KBWRGNM`@iBvI{I|`@e@fCCj@@h@W`E?bABTPd@zAzBRb@Jj@?TK|@qJlc@u@|Cq@bDOv@iCfLqM|l@cHb[cDhNQf@MLm@VYVW`@Oh@Gn@?VDp@FTRf@ZXNF`@BNCNGZYTe@FUFo@?q@a@yB?YHu@lFiU`GeXrBsJdQsw@tC}Mv@eDpCoMTq@POPETAv@FdATbBVN?NGJOX}@b@mBh@gCtEuS|Gg[B[GWMQm@c@iFaDiE{C[KM?MDMHKLOf@yAdHwJvc@YzAEr@@p@U|DAx@BXHXLR~AdCRn@BZCXQfAoLbi@,2,216.3,242.0,239.6,True,527.0
16,2,Course à pied le soir,7999.4,3074,3074,108.1,Run,,4233501602,garmin_push_5717579607,4529035889,2020-10-23T16:08:42Z,2020-10-23T18:08:42Z,(GMT+01:00) Europe/Paris,7200.0,"[48.728092, 2.081321]","[48.722505, 2.085071]",,,France,48.728092,2.081321,0,16,0,1,0,False,False,False,False,everyone,False,g2301347,False,4529035889,2.602,6.8,77.0,True,146.8,173.0,False,True,166.7,87.3,0,0,False,70.0,2793325,1,a4233501602,qelhHgouKm@Zi@^m@bBIxBKfASr@Ix@@|@Bh@Hf@XbAEL`Ah@d@NjBpA^\D?^h@Vr@b@\Ld@Fl@Jr@|Ah@rBTf@Pd@VfCrBjAnAb@XZb@Zh@Fd@@v@Pr@Vd@^`@j@^Vz@NZb@RR\x@|@fArAf@p@b@`@\b@`@\^b@Vb@z@|@lARTLPBTJTj@XE`@?f@PB`@Tp@D^@x@GfB@z@Jr@IhAHv@Jt@AJs@Pg@@mANc@JUJ_@\gAdBgBdFYh@_@PUSWOa@i@q@i@_Ac@QQC@IZQ@OA{Aj@SEQBk@dAK\Ud@_AtAy@@_@XWb@e@`@m@lCWl@Wz@?RGZK\a@Qa@WEKy@m@MQm@mAUeA?{@Kk@iAe@WOGIGU[c@GCYc@iA{Cu@{ACSHSPU\WVg@d@kAt@eARa@\aAxA{Fn@}ArBaEt@oAdAoAVo@b@YP]LKb@s@r@cBRo@l@uAb@uARUTAp@`@^Np@h@fAr@bAx@\JjBHp@Rn@^jAFhAUb@MPChCiBfAc@f@I~Am@ZG\O\a@`Ab@RVVh@d@JnBk@hAc@`@Ud@E`@Bn@JlAGlAYd@C|AU\?x@Qd@@`@GjAYz@G`@Qb@EdABd@Pl@Jb@Cd@@h@Ed@Bf@AjA[hA_@f@GfAYb@OZSDQMu@Yk@y@mAq@eBmAwFk@{A}@uEYq@o@[S?e@Fg@?e@OgAs@e@Sc@Kc@MmAOkB?e@OgAQw@GmAQOMBw@TaEC{@BeAHwB?m@a@a@Yg@@y@h@wDFw@Z}BJy@?WEEq@YiCu@c@BSL{@cAe@UeA_@_CiA,2,,,,,
17,2,Natation le soir,1700.0,2357,2773,0.0,Swim,,4173049130,garmin_push_5654761353,4464782499,2020-10-09T18:07:05Z,2020-10-09T20:07:05Z,(GMT+01:00) Europe/Paris,7200.0,,,,,France,,,0,8,0,1,0,True,False,False,False,everyone,False,,False,4464782499,0.721,3.4,24.1,False,,,False,False,,,0,0,False,,2793325,1,a4173049130,,2,,,,,
18,2,Natation le soir,2300.0,3010,3894,0.0,Swim,,4168504465,garmin_push_5649960392,4459969971,2020-10-07T18:07:29Z,2020-10-07T20:07:29Z,(GMT+01:00) Europe/Paris,7200.0,,,,,France,,,0,6,0,1,0,True,False,False,False,everyone,False,,False,4459969971,0.764,2.1,20.4,False,,,False,False,,,0,0,False,,2793325,1,a4168504465,,2,,,,,
19,2,Natation le soir,1500.0,2240,3707,0.0,Swim,,4142509407,garmin_push_5622859723,4432431414,2020-10-02T18:07:24Z,2020-10-02T20:07:24Z,(GMT+01:00) Europe/Paris,7200.0,,,,,France,,,0,7,0,1,0,True,False,False,False,everyone,False,,False,4432431414,0.67,1.2,22.5,False,,,False,False,,,0,0,False,,2793325,1,a4142509407,,2,,,,,
20,2,Course à pied le soir,10056.5,3494,3503,29.2,Run,,4138124011,garmin_push_5618248895,4427755662,2020-10-01T16:23:48Z,2020-10-01T18:23:48Z,(GMT+01:00) Europe/Paris,7200.0,"[48.722104, 2.083856]","[48.722578, 2.085059]",,,France,48.722104,2.083856,0,11,0,1,0,False,False,False,False,everyone,False,g2301347,False,4427755662,2.878,4.3,77.6,True,135.6,161.0,False,True,166.4,154.5,0,0,False,35.0,2793325,1,a4138124011,ublhH_puKoA\e@Ve@\Wh@yBjFOt@Av@Bt@Fv@Mv@e@dB[nBe@hBg@bBk@~Ag@dBOr@s@bC[tAUr@Un@y@bA_@ZYN{Af@eAZsCjAa@T]\q@h@QXc@~Ai@~EEz@?v@Iv@?t@U`CBR`@Rd@Lb@B~@Uf@Ap@Sd@Gd@Ad@Bb@Hb@NvBrAjAx@dC|AdAx@xDhD`@b@t@dAd@A^_@x@sA|AuCTk@pBsGf@oAd@}@n@wAx@yA|@mAr@_A^s@`@KRo@Vc@Vk@t@}Bp@yAVm@No@HM~A~AZTd@RhAt@^Zb@RnBJbA\b@J`AFh@EnB_@nBqAn@m@TKrBe@jAg@p@m@fAj@~@dAd@CdAc@hA]`@Ud@KZEb@AZFp@FnAQd@E`ASlAE`@Md@Gd@?~AOjBg@rBB|@Rj@ArBDx@GjBe@xAa@nAk@b@[Fq@[c@_@WKOm@cAUi@Mw@_@oAOs@Qq@Mw@cAuDe@mCIIc@]WKQMe@DgAGc@Qa@[sB_Ac@IwCJe@E{@QOG[I}AKQWNcC?{@Eu@By@ZeD@w@Mo@a@c@Ko@Fc@@g@VyACUc@QuCs@u@[eAk@gAc@eAi@,2,,,,,
21,2,Natation le soir,2575.0,3632,4464,0.0,Swim,,4134330750,garmin_push_5614325902,4423726793,2020-09-30T18:11:08Z,2020-09-30T20:11:08Z,(GMT+01:00) Europe/Paris,7200.0,,,,,France,,,0,8,0,1,0,True,False,False,False,everyone,False,,False,4423726793,0.709,4.5,28.0,False,,,False,False,,,0,0,False,,2793325,1,a4134330750,,2,,,,,
22,2,Natation le soir,2375.0,3028,4214,0.0,Swim,,4125036148,garmin_push_5604675273,4413834137,2020-09-28T18:08:08Z,2020-09-28T20:08:08Z,(GMT+01:00) Europe/Paris,7200.0,,,,,France,,,0,9,0,1,0,True,False,False,False,everyone,False,,False,4413834137,0.784,2.6,21.0,False,,,False,False,,,0,0,False,,2793325,1,a4125036148,,2,,,,,
23,2,Les foulées du Viaduc,10022.5,2870,2870,131.5,Run,1.0,4117737054,garmin_push_5597034198,4406090072,2020-09-27T07:34:01Z,2020-09-27T09:34:01Z,(GMT+01:00) Europe/Paris,7200.0,"[46.231153, 0.673958]","[46.238165, 0.683108]",,,France,46.231153,0.673958,0,16,3,5,0,False,False,False,False,everyone,False,g2897051,False,4406090072,3.492,4.9,80.6,True,163.5,178.0,False,True,178.9,123.2,0,0,False,133.0,2793325,1,a4117737054,uodyGesbCaAaA{@i@OOo@[OO[c@u@{@Se@i@q@Wi@Us@s@sAi@gD_@eBu@oCmA{Dy@sCcA}BUa@]c@s@}@gAaAq@u@m@k@]g@Wm@W]a@]_@S_@]c@We@p@_Bk@M?ANp@pAJn@EXQ?c@QkAs@yB{A_@YUUgAoBsB}C_@_@eAm@a@]]e@_As@eAq@k@q@u@s@o@w@y@kAeAeAMY_@i@Yo@{@aCs@uAu@uBWa@Uq@k@qA[g@iB_CYg@wA{A]g@]_@Ue@_@c@c@Y{@iA{@_AkBeAsBs@c@KmCYmA@e@DiARu@Xg@HcE|@i@Dm@L}@He@C_@SWg@cA{@]_@My@?oBHy@T]XOjAUnBS^URk@As@Iw@YwHCsA?oBC}AHq@~@qE`@eBLs@By@C{@JaAr@qCTkAz@{Cd@eBlAqGHqBOmD?k@D}CPi@^Vj@f@d@\hAn@|BjApA|@n@^dAz@r@n@^b@fHhJb@ErCqCl@y@^_@|@cA\i@Vk@`@o@Za@vB{Bh@QzDeE`@a@`@Yd@FhBnBvAhAp@t@~@vATh@Jp@PjBNt@xBvGvBrIVn@Zf@^Z\N`ATf@DbAB`@Af@IlA]zCUbAGhA@rAEHB^`@`@rAlArElAbEh@fCVj@Yl@IH]NgBj@iAb@e@RiAn@aAt@aA|@i@n@[d@Wl@_@Tg@E_BYkBu@wAg@g@EYf@IVi@`C[dBm@xDIPc@@yBGiDEc@JEd@Jx@h@`JLn@Vj@Zf@Jl@mAzB]lAGt@lAfADJCd@Mp@i@zB[b@k@b@_@`@]f@Un@QdAUrEIf@Y^w@Le@N_@^Uf@Dx@`@b@RLb@TjAb@d@V~@hA~@vBRr@PxBRp@bAx@d@VnBv@dAZpBt@rB^h@FVOCWOs@Yo@a@?e@V_@c@OU]U,2,,,,,
24,2,Natation le soir,2450.0,3351,4337,0.0,Swim,,4103120105,garmin_push_5582131120,4390554371,2020-09-23T18:09:49Z,2020-09-23T20:09:49Z,(GMT+01:00) Europe/Paris,7200.0,,,,,France,,,0,5,0,1,0,True,False,False,False,everyone,False,,False,4390554371,0.731,1.3,21.7,False,,,False,False,,,0,0,False,,2793325,1,a4103120105,,2,,,,,
25,2,Sortie à vélo l'après-midi,3559.8,941,941,61.7,Ride,,4103119947,garmin_push_5582130882,4390554223,2020-09-23T15:59:48Z,2020-09-23T17:59:48Z,(GMT+01:00) Europe/Paris,7200.0,"[48.742117, 2.088985]","[48.722664, 2.08498]",,,France,48.742117,2.088985,0,3,0,1,0,False,False,False,False,everyone,False,b5197287,False,4390554223,3.783,7.5,,True,111.5,132.0,False,True,165.9,106.2,0,0,False,3.0,2793325,1,a4103119947,wvnhHouwKG]QUkBq@SUEKG]C_@?QBa@v@uCz@qCfA}Br@cARMTCh@DXETLpE`I~ApAzAvAvAbBjAhCjAvBhA~B@bDFdDDz@`B|@lB[P?JB@Nm@nD@XNZhC~EZRTHn@b@CxBf@rCXpAZdAd@r@pBlEbAtA`@jAFH\XzCtB|Aw@t@~@zAp@fBXbAQhBc@jB[n@UZG,2,92.7,,87.2,False,
26,2,Sortie à vélo matinale,4356.3,1166,1166,50.8,Ride,,4103119725,garmin_push_5582130716,4390553993,2020-09-23T04:46:52Z,2020-09-23T06:46:52Z,(GMT+01:00) Europe/Paris,7200.0,"[48.722538, 2.084913]","[48.742049, 2.088968]",,,France,48.722538,2.084913,0,4,0,1,0,False,False,False,False,everyone,False,b5197287,False,4390553993,3.736,6.8,,True,117.2,136.0,False,True,166.0,112.8,0,0,False,4.0,2793325,1,a4103119725,sdlhH{quKa@Bg@N_@@]Ik@`@oBj@eBMq@J]U_B}AaBMo@h@_By@cAy@eBiDqAmByAeCgAIsAp@WZwAjAOBgB~@iBt@wBJkBf@eA|@aAhBsApB_B|@m@cCs@iCUiD`@_Dt@cCd@An@aADoAAONg@pAiB^}@RiAf@m@l@}@pAwB`AaC\eA\}CKgDBqCUo@_DaFgAiCMQeGyFeEsGcBSODuAfBgAfCy@vCo@nC@ZJv@HXLPRLjBv@HP,2,72.3,,84.3,False,
27,2,Natation le soir,2050.0,2865,3613,0.0,Swim,,4093669886,garmin_push_5572086427,4380615881,2020-09-21T18:07:11Z,2020-09-21T20:07:11Z,(GMT+01:00) Europe/Paris,7200.0,,,,,France,,,0,6,0,1,0,True,False,False,False,everyone,False,,False,4380615881,0.716,3.1,22.3,False,,,False,False,,,0,0,False,,2793325,1,a4093669886,,2,,,,,
28,2,Sortie à vélo le soir,10855.8,3216,3804,143.3,Ride,,4088999300,garmin_push_5567015128,4375650953,2020-09-20T16:23:49Z,2020-09-20T18:23:49Z,(GMT+01:00) Europe/Paris,7200.0,"[48.706855, 1.988944]","[48.722721, 2.084979]",,,France,48.706855,1.988944,1,7,0,2,0,False,False,False,False,everyone,False,b5197287,False,4375650953,3.376,9.5,,True,108.6,126.0,False,True,162.0,75.5,0,0,False,10.0,2793325,1,a4088999300,y`hhH{mcKIMEk@]uB@iDIcDGiOMoG`@wC^yA^{BtByKf@gBh@_DVaDTuAC?II@KV{AhBuNPaC\eDlBePEiDL_JJoDHc@|@oCn@wCFkA@cDKcDOiDa@{C]sIDyAAqIIaAGeDAiD[wGDgDP}GGkDe@}B{AaDoCsGw@mCaA{D{@wDQiBO_DWgEMu@kCkEPUhBa@xAk@?WAIa@i@O]Ua@k@e@{Aw@Ok@K}@Ce@BgBMKAMDsCC{CH}ACgDBoAe@{CQuAFaHAiAh@qITcD~@cHPmDTcCNcDRmCHoCf@wINcG@mBAi@FeDHG?FE@[jMMrBJFDOAEM?Y~CEl@B@H?\mCHuCHoADoE?{@HcEEuBo@oGUsD]wIy@qMw@qIEwADkAGIFaDRcDZeDdBm@dARNCT]i@{BYg@q@qC`@uCAuCOKb@n@CQEK[SU@UKyAeB_@YWa@UO_DuDmAqB]s@w@sCc@{CAgDSeDBiDRcF?oBo@qCY_A[{@iAmBs@LiBr@m@NCLCE@?[HLCNHKJV[MDQE@Db@GKBCLNCZ?JKD?j@o@v@e@NCT@h@TMBECCMIO]a@IAPEHD@@IAB@EBGCA@HBCF@CRBEECBKLiCjBuALqBKoAa@oBw@oCk@o@Gg@Ay@JED_@zC{@lBiBu@gGuB,2,67.6,,217.5,False,
29,2,Sortie à vélo l'après-midi,10817.6,2834,3562,68.6,Ride,,4087758019,garmin_push_5565782902,4374324798,2020-09-20T12:50:39Z,2020-09-20T14:50:39Z,(GMT+01:00) Europe/Paris,7200.0,"[48.722577, 2.085063]","[48.706686, 1.988991]",,,France,48.722577,2.085063,0,6,0,1,0,False,False,False,False,everyone,False,b5197287,False,4374324798,3.817,9.1,,True,100.3,119.0,False,True,162.0,74.5,0,0,False,7.0,2793325,1,a4087758019,{gjhHqcuKbDlFpAlBzAdCxAdBlClCtAxBbAxCfAzBpAbCHAj@NfBUN@z@a@ZAjBH`@NnB@hBIVEbBq@f@Kf@Qp@O~@g@PMPg@A]Gi@_A{CcAkC[_ACo@P{B_@aDDmAz@fCrAdFFh@FXZx@v@dAfAdC\tAV`BHbAAf@S~@wA~AkBx@_BpAmBn@qBRq@EIJF`@ZXdAfBfBnAhA~@l@fB`Bi@LIPOtAgB|AuAfBu@h@}@NM^EjAZbCTlAhBlApDvAb@pA@hCd@NDl@rAbAlDf@nFr@lFHlBEfDAjFMvBq@dEAnGO~OPfBp@pD?`DX|@N|ANdDEj@CDClCa@lHIdLBvFGjBId@EzDW~Ao@vAKKAEe@QkAB_@pBGjCoA`@IRGXBbDRnBGx@ClA]rFa@jDi@dBMN[Vc@vA?x@IhBKD]BoBIYIa@SSEy@VqB^y@`@bAzBpAtBd@lFH`DNbBd@bBxAdGd@~A|@hC?ChC`Gz@tCj@~C@f@QbGOz@JrBBxBBb@l@|YFjGFnBT|CZ~CDnD?fDC|DMz@s@pBB?r@{AEQMf@y@xBQv@KbD@jDMvHMtBs@vF[fBgBzN]bDSjDiAhKy@jEm@rDw@`Dk@fDiAjFY`B?h@DbDDdJR~SZrBPRNFPC,2,51.2,,145.0,False,
